-- SQLite는 연결할 때마다 외래 키 기능을 켜야 한다. (SQLite 전용 설정)
PRAGMA foreign_keys = ON;

-- 부모 테이블을 먼저 입력한 뒤 자식 테이블을 입력한다.
INSERT INTO category (id, name) VALUES
    (1, '음료'),
    (2, '과자'),
    (3, '삼각김밥'),
    (4, '컵라면'),
    (5, '아이스크림'),
    (6, '위생용품'),
    (7, '빵류'),
    (8, '캔디류'),
    (9, '주류'),
    (10, '신선식품');

INSERT INTO customer (id, name, phone, joined_at) VALUES
    (1, '김민수', '010-1000-0001', '2026-01-05'),
    (2, '이지윤', '010-1000-0002', '2026-01-18'),
    (3, '박도윤', '010-1000-0003', '2026-02-03'),
    (4, '최서연', '010-1000-0004', '2026-02-21'),
    (5, '정현우', '010-1000-0005', '2026-03-07'),
    (6, '한유진', '010-1000-0006', '2026-03-26'),
    (7, '오지호', '010-1000-0007', '2026-04-09'),
    (8, '강하은', '010-1000-0008', '2026-04-24'),
    (9, '윤시우', '010-1000-0009', '2026-05-11'),
    (10, '임다은', '010-1000-0010', '2026-05-29');

-- 빵류, 캔디류, 주류, 신선식품은 LEFT JOIN 확인을 위해 상품을 넣지 않는다.
INSERT INTO product (id, category_id, name, price, stock) VALUES
    (1, 1, '코카콜라', 2000, 30),
    (2, 1, '환타', 1800, 24),
    (3, 1, '파워에이드', 2200, 15),
    (4, 1, '생수', 1000, 40),
    (5, 2, '새우깡', 1500, 25),
    (6, 2, '포카칩', 1700, 12),
    (7, 2, '웨하스', 1200, 18),
    (8, 2, '초코파이', 4800, 10),
    (9, 3, '참치마요', 1300, 16),
    (10, 3, '스팸마요', 1400, 14),
    (11, 3, '전주비빔', 1500, 9),
    (12, 3, '고추장소고기', 1600, 7),
    (13, 4, '신라면', 1200, 20),
    (14, 4, '왕뚜껑', 1500, 11),
    (15, 4, '불닭볶음면', 1800, 8),
    (16, 4, '너구리', 1300, 13),
    (17, 5, '쿠앤크', 1800, 12),
    (18, 5, '투게더', 6500, 6),
    (19, 5, '스크류바', 1200, 22),
    (20, 5, '뽕따', 1500, 19),
    (21, 6, '화장지', 3500, 10),
    (22, 6, '물티슈', 2500, 8);

-- DELETE 실습 후에도 10행이 남도록 purchase에는 11행을 넣는다.
INSERT INTO purchase (id, customer_id, product_id, quantity, purchased_at) VALUES
    (1, 1, 1, 2, '2026-07-01 08:15'),
    (2, 2, 5, 1, '2026-07-01 12:40'),
    (3, 3, 9, 2, '2026-07-02 07:55'),
    (4, 4, 13, 1, '2026-07-03 18:20'),
    (5, 5, 17, 3, '2026-07-04 21:10'),
    (6, 6, 22, 1, '2026-07-05 10:30'),
    (7, 1, 3, 1, '2026-07-06 16:05'),
    (8, 2, 6, 2, '2026-07-07 19:45'),
    (9, 3, 11, 1, '2026-07-08 11:25'),
    (10, 4, 15, 2, '2026-07-09 22:15'),
    (11, 5, 4, 4, '2026-07-10 09:35');
